N,P,K,temperature,humidity,ph,rainfall,label,Cropping Season,Harvesting Season,Soil Type
90,42,43,20.87974371,82.00274423,6.502985292,202.9355362,rice,June-September,October-November,"Alluvial Soil, Laterite Soil"
85,58,41,21.77046169,80.31964408,7.038096361,226.6555374,rice,June-September,October-November,"Alluvial Soil, Laterite Soil"
60,55,44,23.00445915,82.3207629,7.840207144,263.9642476,rice,June-September,October-November,"Alluvial Soil, Laterite Soil"
74,35,40,26.49109635,80.15836264,6.980400905,242.8640342,rice,June-September,October-November,"Alluvial Soil, Laterite Soil"
78,42,42,20.13017482,81.60487287,7.628472891,262.7173405,rice,June-September,October-November,"Alluvial Soil, Laterite Soil"
69,37,42,23.05804872,83.37011772,7.073453503,251.0549998,rice,June-September,October-November,"Alluvial Soil, Laterite Soil"
69,55,38,22.70883798,82.63941394,5.70080568,271.3248604,rice,June-September,October-November,"Alluvial Soil, Laterite Soil"
94,53,40,20.27774362,82.89408619,5.718627178,241.9741949,rice,June-September,October-November,"Alluvial Soil, Laterite Soil"
89,54,38,24.51588066,83.5352163,6.685346424,230.4462359,rice,June-September,October-November,"Alluvial Soil, Laterite Soil"
68,58,38,23.22397386,83.03322691,6.336253525,221.2091958,rice,June-September,October-November,"Alluvial Soil, Laterite Soil"
91,53,40,26.52723513,81.41753846,5.386167788,264.6148697,rice,June-September,October-November,"Alluvial Soil, Laterite Soil"
90,46,42,23.97898217,81.45061596,7.50283396,250.0832336,rice,June-September,October-November,"Alluvial Soil, Laterite Soil"
78,58,44,26.80079604,80.88684822,5.108681786,284.4364567,rice,June-September,October-November,"Alluvial Soil, Laterite Soil"
93,56,36,24.01497622,82.05687182,6.98435366,185.2773389,rice,June-September,October-November,"Alluvial Soil, Laterite Soil"
94,50,37,25.66585205,80.66385045,6.94801983,209.5869708,rice,June-September,October-November,"Alluvial Soil, Laterite Soil"
60,48,39,24.28209415,80.30025587,7.042299069,231.0863347,rice,June-September,October-November,"Alluvial Soil, Laterite Soil"
85,38,41,21.58711777,82.7883708,6.249050656,276.6552459,rice,June-September,October-November,"Alluvial Soil, Laterite Soil"
91,35,39,23.79391957,80.41817957,6.970859754,206.2611855,rice,June-September,October-November,"Alluvial Soil, Laterite Soil"
77,38,36,21.8652524,80.1923008,5.953933276,224.5550169,rice,June-September,October-November,"Alluvial Soil, Laterite Soil"
88,35,40,23.57943626,83.58760316,5.85393208,291.2986618,rice,June-September,October-November,"Alluvial Soil, Laterite Soil"
89,45,36,21.32504158,80.47476396,6.442475375,185.4974732,rice,June-September,October-November,"Alluvial Soil, Laterite Soil"
76,40,43,25.15745531,83.11713476,5.070175667,231.3843163,rice,June-September,October-November,"Alluvial Soil, Laterite Soil"
67,59,41,21.94766735,80.97384195,6.012632591,213.3560921,rice,June-September,October-November,"Alluvial Soil, Laterite Soil"
83,41,43,21.0525355,82.67839517,6.254028451,233.1075816,rice,June-September,October-November,"Alluvial Soil, Laterite Soil"
98,47,37,23.48381344,81.33265073,7.375482851,224.0581164,rice,June-September,October-November,"Alluvial Soil, Laterite Soil"
66,53,41,25.0756354,80.52389148,7.778915154,257.0038865,rice,June-September,October-November,"Alluvial Soil, Laterite Soil"
97,59,43,26.35927159,84.04403589,6.286500176,271.3586137,rice,June-September,October-November,"Alluvial Soil, Laterite Soil"
97,50,41,24.52922681,80.54498576,7.070959995,260.2634026,rice,June-September,October-November,"Alluvial Soil, Laterite Soil"
60,49,44,20.77576147,84.49774397,6.244841491,240.0810647,rice,June-September,October-November,"Alluvial Soil, Laterite Soil"
84,51,35,22.30157427,80.64416466,6.043304899,197.9791215,rice,June-September,October-November,"Alluvial Soil, Laterite Soil"
73,57,41,21.44653958,84.94375962,5.824709117,272.2017204,rice,June-September,October-November,"Alluvial Soil, Laterite Soil"
92,35,40,22.17931888,80.33127223,6.357389366,200.0882787,rice,June-September,October-November,"Alluvial Soil, Laterite Soil"
85,37,39,24.52783742,82.73685569,6.364134968,224.6757231,rice,June-September,October-November,"Alluvial Soil, Laterite Soil"
98,53,38,20.26707606,81.63895217,5.01450727,270.4417274,rice,June-September,October-November,"Alluvial Soil, Laterite Soil"
88,54,44,25.7354293,83.88266234,6.149410611,233.1321372,rice,June-September,October-November,"Alluvial Soil, Laterite Soil"
95,55,42,26.79533926,82.1480873,5.950660556,193.3473987,rice,June-September,October-November,"Alluvial Soil, Laterite Soil"
99,57,35,26.75754171,81.17734011,5.960370061,272.2999056,rice,June-September,October-November,"Alluvial Soil, Laterite Soil"
95,39,36,23.86330467,83.15250801,5.561398642,285.2493645,rice,June-September,October-November,"Alluvial Soil, Laterite Soil"
60,43,44,21.01944696,82.95221726,7.416245107,298.4018471,rice,June-September,October-November,"Alluvial Soil, Laterite Soil"
63,44,41,24.17298839,83.7287574,5.583370042,257.0343554,rice,June-September,October-November,"Alluvial Soil, Laterite Soil"
62,42,36,22.78133816,82.06719137,6.430010215,248.7183228,rice,June-September,October-November,"Alluvial Soil, Laterite Soil"
64,45,43,25.62980105,83.52842314,5.534878156,209.9001977,rice,June-September,October-November,"Alluvial Soil, Laterite Soil"
83,60,36,25.59704938,80.14509262,6.903985986,200.834898,rice,June-September,October-November,"Alluvial Soil, Laterite Soil"
82,40,40,23.83067496,84.81360127,6.271478838,298.5601175,rice,June-September,October-November,"Alluvial Soil, Laterite Soil"
85,52,45,26.31355498,82.36698992,7.224285503,265.5355937,rice,June-September,October-November,"Alluvial Soil, Laterite Soil"
91,35,38,24.8972823,80.52586088,6.13428721,183.6793207,rice,June-September,October-November,"Alluvial Soil, Laterite Soil"
76,49,42,24.958779,84.47963372,5.206373153,196.9560008,rice,June-September,October-November,"Alluvial Soil, Laterite Soil"
74,39,38,23.24113501,84.59201843,7.782051313,233.0453455,rice,June-September,October-November,"Alluvial Soil, Laterite Soil"
79,43,39,21.66628296,80.70960551,7.062779015,210.8142087,rice,June-September,October-November,"Alluvial Soil, Laterite Soil"
88,55,45,24.63544858,80.41363018,7.730367824,253.7202781,rice,June-September,October-November,"Alluvial Soil, Laterite Soil"
60,36,43,23.43121862,83.06310136,5.286203711,219.9048349,rice,June-September,October-November,"Alluvial Soil, Laterite Soil"
76,60,39,20.0454142,80.3477562,6.766240045,208.5810155,rice,June-September,October-November,"Alluvial Soil, Laterite Soil"
93,56,42,23.85724032,82.22572988,7.382762603,195.0948311,rice,June-September,October-November,"Alluvial Soil, Laterite Soil"
65,60,43,21.97199397,81.89918197,5.658169482,227.3637009,rice,June-September,October-November,"Alluvial Soil, Laterite Soil"
95,52,36,26.22916897,83.83625819,5.543360238,286.5083725,rice,June-September,October-November,"Alluvial Soil, Laterite Soil"
75,38,39,23.44676801,84.79352417,6.215109715,283.9338466,rice,June-September,October-November,"Alluvial Soil, Laterite Soil"
74,54,38,25.65553461,83.47021081,7.120272972,217.3788583,rice,June-September,October-November,"Alluvial Soil, Laterite Soil"
91,36,45,24.44345477,82.45432595,5.950647577,267.9761948,rice,June-September,October-November,"Alluvial Soil, Laterite Soil"
71,46,40,20.2801937,82.1235421,7.236705436,191.9535738,rice,June-September,October-November,"Alluvial Soil, Laterite Soil"
99,55,35,21.7238313,80.2389895,6.501697816,277.9626192,rice,June-September,October-November,"Alluvial Soil, Laterite Soil"
72,40,38,20.41447029,82.20802629,7.592490617,245.1511304,rice,June-September,October-November,"Alluvial Soil, Laterite Soil"
83,58,45,25.75528612,83.51827127,5.875345751,245.6626799,rice,June-September,October-November,"Alluvial Soil, Laterite Soil"
93,58,38,20.61521424,83.77345559,6.932400225,279.5451717,rice,June-September,October-November,"Alluvial Soil, Laterite Soil"
70,36,42,21.84106875,80.72886384,6.946209881,202.3838319,rice,June-September,October-November,"Alluvial Soil, Laterite Soil"
76,47,42,20.08369642,83.29114712,5.739175027,263.6372176,rice,June-September,October-November,"Alluvial Soil, Laterite Soil"
99,41,36,24.45802087,82.74835604,6.738652179,182.5616319,rice,June-September,October-November,"Alluvial Soil, Laterite Soil"
99,54,37,21.14347496,80.33502926,5.594819626,198.6730942,rice,June-September,October-November,"Alluvial Soil, Laterite Soil"
86,59,35,25.78720567,82.11124033,6.946636369,243.5120414,rice,June-September,October-November,"Alluvial Soil, Laterite Soil"
69,46,41,23.64124821,80.28597873,5.012139669,263.1103304,rice,June-September,October-November,"Alluvial Soil, Laterite Soil"
91,56,37,23.43191632,80.56887849,6.363472208,269.5039162,rice,June-September,October-November,"Alluvial Soil, Laterite Soil"
61,52,41,24.97669518,83.891805,6.880431223,204.8001847,rice,June-September,October-November,"Alluvial Soil, Laterite Soil"
67,45,38,22.72791041,82.1706881,7.300410836,260.8875056,rice,June-September,October-November,"Alluvial Soil, Laterite Soil"
79,42,37,24.87300744,82.84022551,6.587918708,295.6094492,rice,June-September,October-November,"Alluvial Soil, Laterite Soil"
78,43,42,21.32376327,83.00320459,7.283736617,192.3197536,rice,June-September,October-November,"Alluvial Soil, Laterite Soil"
75,54,36,26.29465461,84.56919326,7.023936392,257.4914906,rice,June-September,October-November,"Alluvial Soil, Laterite Soil"
97,36,45,22.2286982,81.85872947,6.939083505,278.0791793,rice,June-September,October-November,"Alluvial Soil, Laterite Soil"
67,47,44,26.73072391,81.78596776,7.868474653,280.4044392,rice,June-September,October-November,"Alluvial Soil, Laterite Soil"
73,35,38,24.88921174,81.97927117,5.005306977,185.9461429,rice,June-September,October-November,"Alluvial Soil, Laterite Soil"
77,36,37,26.88444878,81.46033732,6.136131869,194.5766559,rice,June-September,October-November,"Alluvial Soil, Laterite Soil"
81,41,38,22.67846116,83.72874389,7.524080076,200.9133156,rice,June-September,October-November,"Alluvial Soil, Laterite Soil"
68,57,43,26.08867875,80.37979919,5.706943251,182.9043504,rice,June-September,October-November,"Alluvial Soil, Laterite Soil"
72,45,35,25.42977518,82.94682591,5.758506323,195.3574542,rice,June-September,October-November,"Alluvial Soil, Laterite Soil"
61,53,43,26.40323239,81.05635517,6.349606327,223.3671883,rice,June-September,October-November,"Alluvial Soil, Laterite Soil"
67,43,39,26.04371967,84.96907151,5.999969026,186.7536773,rice,June-September,October-November,"Alluvial Soil, Laterite Soil"
67,58,39,25.2827223,80.54372813,5.453592032,220.1156708,rice,June-September,October-November,"Alluvial Soil, Laterite Soil"
66,60,38,22.08576562,83.47038318,6.372576327,231.7364957,rice,June-September,October-November,"Alluvial Soil, Laterite Soil"
82,43,38,23.28617173,81.43321641,5.105588355,242.3170629,rice,June-September,October-November,"Alluvial Soil, Laterite Soil"
84,50,44,25.48591986,81.40633547,5.935344406,182.6549356,rice,June-September,October-November,"Alluvial Soil, Laterite Soil"
81,53,42,23.67575393,81.03569343,5.17782304,233.7034975,rice,June-September,October-November,"Alluvial Soil, Laterite Soil"
91,50,40,20.82477109,84.1341879,6.462391607,230.2242223,rice,June-September,October-November,"Alluvial Soil, Laterite Soil"
93,53,38,26.92995077,81.91411159,7.069172227,290.6793783,rice,June-September,October-November,"Alluvial Soil, Laterite Soil"
90,44,38,23.83509503,83.88387074,7.473134377,241.2013513,rice,June-September,October-November,"Alluvial Soil, Laterite Soil"
81,45,35,26.52872817,80.12267476,6.158376967,218.9163567,rice,June-September,October-November,"Alluvial Soil, Laterite Soil"
78,40,38,26.46428311,83.85642678,7.549873681,248.2256491,rice,June-September,October-November,"Alluvial Soil, Laterite Soil"
60,51,36,22.69657794,82.81088865,6.028321558,256.9964761,rice,June-September,October-November,"Alluvial Soil, Laterite Soil"
88,46,42,22.68319059,83.46358271,6.604993475,194.2651719,rice,June-September,October-November,"Alluvial Soil, Laterite Soil"
93,47,37,21.53346343,82.14004101,6.500343222,295.9248796,rice,June-September,October-November,"Alluvial Soil, Laterite Soil"
60,55,45,21.40865769,83.3293191,5.935745417,287.5766935,rice,June-September,October-November,"Alluvial Soil, Laterite Soil"
78,35,44,26.54348085,84.67353597,7.072655622,183.6222657,rice,June-September,October-November,"Alluvial Soil, Laterite Soil"
65,37,40,23.35905428,83.59512273,5.333322606,188.413665,rice,June-September,October-November,"Alluvial Soil, Laterite Soil"
71,54,16,22.61359953,63.69070564,5.749914421,87.75953857,maize,June-September,September-October,"Black Soil, Alluvial Soil, Laterite Soil"
61,44,17,26.10018422,71.57476937,6.931756558,102.2662445,maize,June-September,September-October,"Black Soil, Alluvial Soil, Laterite Soil"
80,43,16,23.55882094,71.59351368,6.657964753,66.71995467,maize,June-September,September-October,"Black Soil, Alluvial Soil, Laterite Soil"
73,58,21,19.97215954,57.68272924,6.596060648,60.65171481,maize,June-September,September-October,"Black Soil, Alluvial Soil, Laterite Soil"
61,38,20,18.47891261,62.69503871,5.970458434,65.43835393,maize,June-September,September-October,"Black Soil, Alluvial Soil, Laterite Soil"
68,41,16,21.77689322,57.80840636,6.158830619,102.0861694,maize,June-September,September-October,"Black Soil, Alluvial Soil, Laterite Soil"
93,41,17,25.6217169,66.50415474,6.047906679,105.4654703,maize,June-September,September-October,"Black Soil, Alluvial Soil, Laterite Soil"
89,60,19,25.19192419,66.6902901,5.913664501,78.06639649,maize,June-September,September-October,"Black Soil, Alluvial Soil, Laterite Soil"
76,44,17,20.41683147,62.5542482,5.855442401,65.27798457,maize,June-September,September-October,"Black Soil, Alluvial Soil, Laterite Soil"
67,60,25,24.92162194,66.78627406,5.750254943,109.2162279,maize,June-September,September-October,"Black Soil, Alluvial Soil, Laterite Soil"
70,44,19,23.31689124,73.4541537,5.852607099,94.29712821,maize,June-September,September-October,"Black Soil, Alluvial Soil, Laterite Soil"
90,49,21,24.84016732,68.3584573,6.472523287,74.05474936,maize,June-September,September-October,"Black Soil, Alluvial Soil, Laterite Soil"
62,52,16,22.27526694,58.84015925,6.967057762,63.87020584,maize,June-September,September-October,"Black Soil, Alluvial Soil, Laterite Soil"
92,44,16,18.87751445,65.76816093,6.082973754,94.76189431,maize,June-September,September-October,"Black Soil, Alluvial Soil, Laterite Soil"
66,54,21,25.19008683,60.2001687,5.919045532,72.12375573,maize,June-September,September-October,"Black Soil, Alluvial Soil, Laterite Soil"
63,58,22,18.25405352,55.28220433,6.204747653,63.72358154,maize,June-September,September-October,"Black Soil, Alluvial Soil, Laterite Soil"
70,47,17,24.6129118,70.4162444,6.600827017,104.1626147,maize,June-September,September-October,"Black Soil, Alluvial Soil, Laterite Soil"
61,41,17,25.1420613,65.26185135,6.021902237,76.68456006,maize,June-September,September-October,"Black Soil, Alluvial Soil, Laterite Soil"
66,53,19,23.09348056,60.1159381,6.033550195,65.49730729,maize,June-September,September-October,"Black Soil, Alluvial Soil, Laterite Soil"
74,55,19,18.05033737,62.89366992,6.28886807,84.23613484,maize,June-September,September-October,"Black Soil, Alluvial Soil, Laterite Soil"
77,57,21,24.9321581,73.80435276,6.550563823,79.74078719,maize,June-September,September-October,"Black Soil, Alluvial Soil, Laterite Soil"
99,50,15,18.14710054,71.09445342,5.573286437,88.07753741,maize,June-September,September-October,"Black Soil, Alluvial Soil, Laterite Soil"
74,56,22,18.28362235,66.65952796,6.829199275,80.97573281,maize,June-September,September-October,"Black Soil, Alluvial Soil, Laterite Soil"
83,45,21,18.83344471,58.75082029,5.716222912,79.7532896,maize,June-September,September-October,"Black Soil, Alluvial Soil, Laterite Soil"
100,48,16,25.71895816,67.22190688,5.54990242,74.51490791,maize,June-September,September-October,"Black Soil, Alluvial Soil, Laterite Soil"
79,51,16,25.33797709,68.49835977,6.586244581,96.46380213,maize,June-September,September-October,"Black Soil, Alluvial Soil, Laterite Soil"
94,39,18,23.89114571,57.48775781,5.893093135,102.8301942,maize,June-September,September-October,"Black Soil, Alluvial Soil, Laterite Soil"
75,49,15,21.53574127,71.50905983,5.918263801,102.4852929,maize,June-September,September-October,"Black Soil, Alluvial Soil, Laterite Soil"
78,48,22,23.08974909,63.10459626,5.588650585,70.43473609,maize,June-September,September-October,"Black Soil, Alluvial Soil, Laterite Soil"
87,54,20,25.61707368,63.4711755,6.576418207,108.8303762,maize,June-September,September-October,"Black Soil, Alluvial Soil, Laterite Soil"
87,35,25,21.44526922,63.1621551,6.178056304,65.88951188,maize,June-September,September-October,"Black Soil, Alluvial Soil, Laterite Soil"
63,43,19,18.51816776,55.53128131,6.641906353,90.988051,maize,June-September,September-October,"Black Soil, Alluvial Soil, Laterite Soil"
84,57,25,22.53510514,67.99257471,6.489040367,64.40866039,maize,June-September,September-October,"Black Soil, Alluvial Soil, Laterite Soil"
64,35,23,23.02038334,61.89472002,5.680361038,63.03843397,maize,June-September,September-October,"Black Soil, Alluvial Soil, Laterite Soil"
60,46,22,24.89364635,65.61418761,6.625404348,87.9298085,maize,June-September,September-October,"Black Soil, Alluvial Soil, Laterite Soil"
98,44,21,25.77175115,74.089114,6.524478032,107.4931917,maize,June-September,September-October,"Black Soil, Alluvial Soil, Laterite Soil"
75,56,18,19.39851734,62.35750641,5.696205468,60.95197486,maize,June-September,September-October,"Black Soil, Alluvial Soil, Laterite Soil"
86,55,21,21.54156232,59.64024162,6.803931519,109.7515385,maize,June-September,September-October,"Black Soil, Alluvial Soil, Laterite Soil"
98,35,18,23.79746068,74.82913698,6.252797548,91.76337172,maize,June-September,September-October,"Black Soil, Alluvial Soil, Laterite Soil"
76,57,18,18.9802729,74.52600826,6.092725883,94.26249353,maize,June-September,September-October,"Black Soil, Alluvial Soil, Laterite Soil"
99,56,17,24.10859207,73.13112261,6.234330356,71.07562236,maize,June-September,September-October,"Black Soil, Alluvial Soil, Laterite Soil"
60,44,23,24.7947077,70.04556743,5.722579819,76.72860067,maize,June-September,September-October,"Black Soil, Alluvial Soil, Laterite Soil"
74,48,17,21.63162756,60.27766379,6.430616465,69.21803098,maize,June-September,September-October,"Black Soil, Alluvial Soil, Laterite Soil"
89,60,17,25.37548751,57.21025565,5.983952675,101.7004306,maize,June-September,September-October,"Black Soil, Alluvial Soil, Laterite Soil"
69,51,23,22.21738222,72.85462807,6.80163854,106.6213157,maize,June-September,September-October,"Black Soil, Alluvial Soil, Laterite Soil"
96,46,22,20.58314011,69.00128641,6.499936446,66.29390357,maize,June-September,September-October,"Black Soil, Alluvial Soil, Laterite Soil"
61,60,15,24.87502824,68.74248334,6.265564338,91.26056654,maize,June-September,September-October,"Black Soil, Alluvial Soil, Laterite Soil"
74,58,18,20.03728219,56.35606753,6.727303282,109.024141,maize,June-September,September-October,"Black Soil, Alluvial Soil, Laterite Soil"
74,43,23,25.95263264,61.89082199,6.325235159,99.57981207,maize,June-September,September-October,"Black Soil, Alluvial Soil, Laterite Soil"
63,43,17,19.28889933,65.47050802,6.807487794,71.3195307,maize,June-September,September-October,"Black Soil, Alluvial Soil, Laterite Soil"
99,36,20,20.57981887,65.34583901,6.671085817,78.34604471,maize,June-September,September-October,"Black Soil, Alluvial Soil, Laterite Soil"
77,36,23,24.71417533,56.73426469,6.648725327,88.45361858,maize,June-September,September-October,"Black Soil, Alluvial Soil, Laterite Soil"
87,60,23,20.27317074,63.91281869,6.439071996,62.50351892,maize,June-September,September-October,"Black Soil, Alluvial Soil, Laterite Soil"
60,38,17,18.41932981,64.23580251,6.474476516,76.41312437,maize,June-September,September-October,"Black Soil, Alluvial Soil, Laterite Soil"
94,54,17,23.39128187,61.74427165,5.871647806,107.3198135,maize,June-September,September-October,"Black Soil, Alluvial Soil, Laterite Soil"
95,38,22,19.84939404,61.24500053,5.730617109,100.7689246,maize,June-September,September-October,"Black Soil, Alluvial Soil, Laterite Soil"
84,44,21,21.869274,61.91044947,5.850439831,107.2681929,maize,June-September,September-October,"Black Soil, Alluvial Soil, Laterite Soil"
77,58,19,22.8056033,56.50768935,5.791649933,101.5952794,maize,June-September,September-October,"Black Soil, Alluvial Soil, Laterite Soil"
66,44,20,19.0781471,69.02298571,6.740000688,80.72515943,maize,June-September,September-October,"Black Soil, Alluvial Soil, Laterite Soil"
63,35,16,22.02720976,65.35549924,6.272417541,83.73280082,maize,June-September,September-October,"Black Soil, Alluvial Soil, Laterite Soil"
79,45,20,23.80546189,59.24537979,5.715208817,89.9622014,maize,June-September,September-October,"Black Soil, Alluvial Soil, Laterite Soil"
72,60,25,18.52510753,69.0276233,5.773454729,88.10234397,maize,June-September,September-October,"Black Soil, Alluvial Soil, Laterite Soil"
67,51,24,23.50297882,61.32026065,5.584171461,64.77791424,maize,June-September,September-October,"Black Soil, Alluvial Soil, Laterite Soil"
86,36,24,26.54986394,72.89187265,5.787268394,73.33636055,maize,June-September,September-October,"Black Soil, Alluvial Soil, Laterite Soil"
76,48,18,19.29563411,69.63481219,5.77597783,83.21030571,maize,June-September,September-October,"Black Soil, Alluvial Soil, Laterite Soil"
75,53,18,20.68899915,59.4375337,6.864793607,103.651438,maize,June-September,September-October,"Black Soil, Alluvial Soil, Laterite Soil"
81,45,23,19.32666088,68.034493,6.192360003,84.22969177,maize,June-September,September-October,"Black Soil, Alluvial Soil, Laterite Soil"
73,45,21,24.60532218,73.58868502,6.636803223,96.59195302,maize,June-September,September-October,"Black Soil, Alluvial Soil, Laterite Soil"
71,35,24,22.27373646,59.52193158,5.826426917,67.96704792,maize,June-September,September-October,"Black Soil, Alluvial Soil, Laterite Soil"
96,54,22,25.70196694,61.33450447,6.960358276,83.20711308,maize,June-September,September-October,"Black Soil, Alluvial Soil, Laterite Soil"
99,39,18,19.20129357,68.30578978,6.11275104,87.85092352,maize,June-September,September-October,"Black Soil, Alluvial Soil, Laterite Soil"
62,48,20,21.70181447,60.47470519,6.708446922,95.71388473,maize,June-September,September-October,"Black Soil, Alluvial Soil, Laterite Soil"
86,37,16,20.51716779,59.21235483,5.561510732,67.61013737,maize,June-September,September-October,"Black Soil, Alluvial Soil, Laterite Soil"
94,50,19,23.30355338,73.62548442,5.873242491,97.59081274,maize,June-September,September-October,"Black Soil, Alluvial Soil, Laterite Soil"
76,39,24,24.2547451,55.64709899,6.995843776,64.23845455,maize,June-September,September-October,"Black Soil, Alluvial Soil, Laterite Soil"
77,52,17,24.86374934,65.7420046,5.714799723,75.82270467,maize,June-September,September-October,"Black Soil, Alluvial Soil, Laterite Soil"
74,39,23,22.6265115,65.77472881,6.78073637,88.17251033,maize,June-September,September-October,"Black Soil, Alluvial Soil, Laterite Soil"
81,49,20,18.04185513,60.61494304,5.513697923,104.2321615,maize,June-September,September-October,"Black Soil, Alluvial Soil, Laterite Soil"
63,42,21,23.26237612,72.33125523,5.798423908,67.10225139,maize,June-September,September-October,"Black Soil, Alluvial Soil, Laterite Soil"
99,38,21,22.88330922,71.59722446,6.352471866,67.72777298,maize,June-September,September-October,"Black Soil, Alluvial Soil, Laterite Soil"
90,52,25,25.97482359,69.36385721,6.822586546,103.2234212,maize,June-September,September-October,"Black Soil, Alluvial Soil, Laterite Soil"
68,40,19,26.14384005,66.20569924,6.655426355,107.2361366,maize,June-September,September-October,"Black Soil, Alluvial Soil, Laterite Soil"
60,57,24,18.66116213,61.55327249,6.121294041,75.03247667,maize,June-September,September-October,"Black Soil, Alluvial Soil, Laterite Soil"
71,52,18,25.10787449,55.97732754,5.790770203,78.16077693,maize,June-September,September-October,"Black Soil, Alluvial Soil, Laterite Soil"
61,59,17,23.33844615,59.24580604,6.47444292,105.0083144,maize,June-September,September-October,"Black Soil, Alluvial Soil, Laterite Soil"
88,38,15,25.08239719,65.92195844,6.455116637,62.49190812,maize,June-September,September-October,"Black Soil, Alluvial Soil, Laterite Soil"
65,60,22,25.36768364,72.52054555,6.606984086,107.9124111,maize,June-September,September-October,"Black Soil, Alluvial Soil, Laterite Soil"
78,37,22,25.34217103,63.31801994,6.330554389,74.52082026,maize,June-September,September-October,"Black Soil, Alluvial Soil, Laterite Soil"
78,58,15,25.00933355,67.816568,6.528631266,62.91359494,maize,June-September,September-October,"Black Soil, Alluvial Soil, Laterite Soil"
92,60,23,18.66746724,71.516474,5.721667141,69.93293255,maize,June-September,September-October,"Black Soil, Alluvial Soil, Laterite Soil"
79,59,17,20.37999665,63.73849998,6.644205485,108.5054416,maize,June-September,September-October,"Black Soil, Alluvial Soil, Laterite Soil"
91,55,15,18.09300227,72.61024172,6.376651091,78.96159541,maize,June-September,September-October,"Black Soil, Alluvial Soil, Laterite Soil"
76,51,18,26.16985907,71.96246617,6.247040422,79.84925393,maize,June-September,September-October,"Black Soil, Alluvial Soil, Laterite Soil"
87,48,25,18.65396672,61.37879671,6.656730008,93.62039175,maize,June-September,September-October,"Black Soil, Alluvial Soil, Laterite Soil"
71,60,22,26.07470121,59.37147589,6.2048017,85.75692395,maize,June-September,September-October,"Black Soil, Alluvial Soil, Laterite Soil"
90,57,24,18.92851916,72.80086137,6.158860284,82.34162918,maize,June-September,September-October,"Black Soil, Alluvial Soil, Laterite Soil"
67,35,22,23.30546753,63.24648023,6.385684214,108.7603001,maize,June-September,September-October,"Black Soil, Alluvial Soil, Laterite Soil"
60,54,19,18.74826712,62.49878458,6.417820493,70.23401597,maize,June-September,September-October,"Black Soil, Alluvial Soil, Laterite Soil"
83,58,23,19.74213321,59.66263104,6.381201909,65.50861389,maize,June-September,September-October,"Black Soil, Alluvial Soil, Laterite Soil"
83,57,19,25.73044432,70.74739256,6.877869005,98.73771338,maize,June-September,September-October,"Black Soil, Alluvial Soil, Laterite Soil"
40,72,77,17.02498456,16.98861173,7.485996067,88.55123143,chickpea,October-March,March-April,"Sandy Loam, Black Soil"
23,72,84,19.02061277,17.13159126,6.920251378,79.92698081,chickpea,October-March,March-April,"Sandy Loam, Black Soil"
39,58,85,17.88776475,15.40589717,5.996932037,68.54932919,chickpea,October-March,March-April,"Sandy Loam, Black Soil"
22,72,85,18.86805647,15.65809214,6.391173589,88.51048983,chickpea,October-March,March-April,"Sandy Loam, Black Soil"
36,67,77,18.36952567,19.56381041,7.152811172,79.26357665,chickpea,October-March,March-April,"Sandy Loam, Black Soil"
32,73,81,20.45078582,15.40312102,5.988992796,92.68373702,chickpea,October-March,March-April,"Sandy Loam, Black Soil"
58,70,84,20.6543203,16.60820843,6.231049028,74.6631118,chickpea,October-March,March-April,"Sandy Loam, Black Soil"
59,70,84,17.3348681,18.74926979,7.550808267,82.61734721,chickpea,October-March,March-April,"Sandy Loam, Black Soil"
42,62,75,18.17912258,18.90426935,7.010570541,81.84997529,chickpea,October-March,March-April,"Sandy Loam, Black Soil"
28,74,81,18.01272266,18.30968112,8.753795334,81.98568791,chickpea,October-March,March-April,"Sandy Loam, Black Soil"
58,66,79,20.99373558,19.33470387,8.718192847,93.55280105,chickpea,October-March,March-April,"Sandy Loam, Black Soil"
43,66,79,19.46233971,15.22538951,7.976607593,74.58565097,chickpea,October-March,March-April,"Sandy Loam, Black Soil"
58,63,81,19.81344531,14.69765308,6.515499549,78.96514709,chickpea,October-March,March-April,"Sandy Loam, Black Soil"
23,62,85,18.97424756,19.5161216,8.490127142,80.7108745,chickpea,October-March,March-April,"Sandy Loam, Black Soil"
27,62,77,18.19737048,14.71070537,6.576415562,70.18185181,chickpea,October-March,March-April,"Sandy Loam, Black Soil"
28,72,84,18.72963144,19.18197264,6.481783043,71.58010169,chickpea,October-March,March-April,"Sandy Loam, Black Soil"
50,56,76,20.99502153,19.8601304,7.966605025,73.50734019,chickpea,October-March,March-April,"Sandy Loam, Black Soil"
39,71,84,20.28155898,16.39535215,8.140825437,82.52339655,chickpea,October-March,March-April,"Sandy Loam, Black Soil"
25,78,76,17.48042641,15.7559405,7.228963452,66.96980581,chickpea,October-March,March-April,"Sandy Loam, Black Soil"
31,70,77,20.88818675,14.32313811,6.492546046,90.46228334,chickpea,October-March,March-April,"Sandy Loam, Black Soil"
26,80,83,17.08498521,16.14565756,7.528599957,71.31007253,chickpea,October-March,March-April,"Sandy Loam, Black Soil"
25,68,77,20.09340593,15.11279612,7.701446446,85.74904898,chickpea,October-March,March-April,"Sandy Loam, Black Soil"
31,78,76,17.57212145,14.99927489,8.519975748,89.31050665,chickpea,October-March,March-April,"Sandy Loam, Black Soil"
60,68,83,19.12065218,18.43475844,6.620900869,85.52950164,chickpea,October-March,March-April,"Sandy Loam, Black Soil"
59,62,83,18.57665902,19.22008229,8.104396058,72.94940441,chickpea,October-March,March-April,"Sandy Loam, Black Soil"
22,67,78,17.16606398,14.42457525,6.204090835,72.32667516,chickpea,October-March,March-April,"Sandy Loam, Black Soil"
36,65,80,18.2872007,16.67921616,6.051091339,74.87445574,chickpea,October-March,March-April,"Sandy Loam, Black Soil"
59,60,84,19.03025305,18.66725565,7.690962338,94.70992037,chickpea,October-March,March-April,"Sandy Loam, Black Soil"
54,77,85,17.1418614,17.0662427,7.829211144,83.74606679,chickpea,October-March,March-April,"Sandy Loam, Black Soil"
43,68,81,17.47809436,17.93253975,6.761599706,78.92060234,chickpea,October-March,March-April,"Sandy Loam, Black Soil"
28,76,82,20.56601874,14.25803981,6.654425315,83.75937135,chickpea,October-March,March-April,"Sandy Loam, Black Soil"
42,79,85,17.22385224,15.82069268,6.129533877,76.57580954,chickpea,October-March,March-April,"Sandy Loam, Black Soil"
32,60,83,19.69141713,19.44225438,8.829273328,91.76071648,chickpea,October-March,March-April,"Sandy Loam, Black Soil"
22,78,76,17.84851658,19.09172907,8.621662982,76.32470713,chickpea,October-March,March-April,"Sandy Loam, Black Soil"
31,79,75,18.8202251,16.1074793,8.204862075,89.73119396,chickpea,October-March,March-April,"Sandy Loam, Black Soil"
28,58,81,17.47500984,16.54314829,6.18042747,93.35034262,chickpea,October-March,March-April,"Sandy Loam, Black Soil"
57,58,77,18.72649425,17.58406365,7.978996755,81.20176515,chickpea,October-March,March-April,"Sandy Loam, Black Soil"
49,55,78,18.65580107,16.17772668,7.863113671,81.70769297,chickpea,October-March,March-April,"Sandy Loam, Black Soil"
46,76,77,18.2356751,19.68538502,6.967843048,83.74879344,chickpea,October-March,March-April,"Sandy Loam, Black Soil"
54,61,77,18.81198127,15.21618225,6.206582193,77.5429424,chickpea,October-March,March-April,"Sandy Loam, Black Soil"
38,60,76,18.65054116,17.80852431,8.868741443,77.92798682,chickpea,October-March,March-April,"Sandy Loam, Black Soil"
59,55,79,20.36720401,16.89574311,8.766128654,82.2545577,chickpea,October-March,March-April,"Sandy Loam, Black Soil"
36,76,75,18.38120357,16.63805158,8.736337905,70.52056697,chickpea,October-March,March-April,"Sandy Loam, Black Soil"
57,68,81,17.17012591,17.30457712,8.081095263,72.78624223,chickpea,October-March,March-April,"Sandy Loam, Black Soil"
35,66,81,19.37101121,15.77458129,6.138243973,85.24819851,chickpea,October-March,March-April,"Sandy Loam, Black Soil"
35,64,78,17.92845928,14.27327988,7.496645259,85.37378769,chickpea,October-March,March-April,"Sandy Loam, Black Soil"
52,60,79,19.45339934,18.23490739,8.380185271,75.6317566,chickpea,October-March,March-April,"Sandy Loam, Black Soil"
27,76,83,19.12829388,14.92241479,6.289614016,89.61857826,chickpea,October-March,March-April,"Sandy Loam, Black Soil"
57,60,84,19.1034283,17.26184541,6.586777189,75.49101167,chickpea,October-March,March-April,"Sandy Loam, Black Soil"
52,68,78,17.48504075,16.96070581,6.89655198,86.05078037,chickpea,October-March,March-April,"Sandy Loam, Black Soil"
43,79,79,19.40751744,18.98030507,7.806747656,80.25064637,chickpea,October-March,March-April,"Sandy Loam, Black Soil"
44,74,85,20.18649426,19.63719995,7.150681303,78.26039559,chickpea,October-March,March-April,"Sandy Loam, Black Soil"
24,55,78,17.30287885,15.15405941,6.64919573,75.57790384,chickpea,October-March,March-April,"Sandy Loam, Black Soil"
29,77,75,17.50361137,15.48083156,7.778591618,72.9446671,chickpea,October-March,March-April,"Sandy Loam, Black Soil"
20,60,78,18.17234999,14.70085967,6.358740355,90.7760707,chickpea,October-March,March-April,"Sandy Loam, Black Soil"
56,67,78,17.57445618,16.71826572,8.255450758,77.81891424,chickpea,October-March,March-April,"Sandy Loam, Black Soil"
37,66,85,20.93175255,18.91295403,6.456148474,78.06910795,chickpea,October-March,March-April,"Sandy Loam, Black Soil"
49,71,76,19.71098332,17.63879418,6.613072145,85.57925437,chickpea,October-March,March-April,"Sandy Loam, Black Soil"
59,69,80,19.07937684,17.86754927,8.165359297,69.40619137,chickpea,October-March,March-April,"Sandy Loam, Black Soil"
20,79,77,18.54988627,16.02542689,7.64867466,76.32565249,chickpea,October-March,March-April,"Sandy Loam, Black Soil"
24,56,85,18.19903647,17.41333199,6.545888558,80.6405403,chickpea,October-March,March-April,"Sandy Loam, Black Soil"
51,72,75,18.88852533,14.99451145,7.104224797,80.1113384,chickpea,October-March,March-April,"Sandy Loam, Black Soil"
57,73,85,18.49311205,14.72115044,7.358099622,91.94595352,chickpea,October-March,March-April,"Sandy Loam, Black Soil"
22,64,82,19.48974337,17.17260319,6.4740245,87.51312796,chickpea,October-March,March-April,"Sandy Loam, Black Soil"
52,73,79,17.25769499,18.74943955,7.840339389,94.00287214,chickpea,October-March,March-April,"Sandy Loam, Black Soil"
29,75,75,19.62416326,18.71483156,7.064790365,88.4585692,chickpea,October-March,March-April,"Sandy Loam, Black Soil"
44,59,78,20.67526473,19.85388984,7.599033472,84.78344008,chickpea,October-March,March-April,"Sandy Loam, Black Soil"
41,69,82,20.02381489,16.63294455,6.715587232,68.97806542,chickpea,October-March,March-April,"Sandy Loam, Black Soil"
52,56,85,20.1187446,14.44228303,6.81712422,88.68168643,chickpea,October-March,March-April,"Sandy Loam, Black Soil"
34,76,80,20.65691793,15.84572566,7.985417393,65.23811143,chickpea,October-March,March-April,"Sandy Loam, Black Soil"
42,74,83,19.2582557,14.2804191,7.545258424,65.78042032,chickpea,October-March,March-April,"Sandy Loam, Black Soil"
34,71,79,17.927806,15.85622899,7.728998197,74.63872762,chickpea,October-March,March-April,"Sandy Loam, Black Soil"
27,73,79,19.16288268,15.83500655,7.354973451,82.69766829,chickpea,October-March,March-April,"Sandy Loam, Black Soil"
30,70,79,20.26942271,19.96978871,7.313122235,69.64449182,chickpea,October-March,March-April,"Sandy Loam, Black Soil"
57,57,75,17.09104223,18.25142068,7.785039076,87.27444866,chickpea,October-March,March-April,"Sandy Loam, Black Soil"
27,79,82,17.06579293,17.54024066,6.307004923,70.87150577,chickpea,October-March,March-April,"Sandy Loam, Black Soil"
32,71,85,20.62767492,14.44008871,6.403982316,92.06630306,chickpea,October-March,March-April,"Sandy Loam, Black Soil"
31,76,82,20.8248451,17.85057083,7.599279991,79.20509212,chickpea,October-March,March-April,"Sandy Loam, Black Soil"
33,75,84,19.46210401,18.72831993,7.217018459,68.81405149,chickpea,October-March,March-April,"Sandy Loam, Black Soil"
47,80,77,17.18248372,16.42891834,7.561108006,72.85017344,chickpea,October-March,March-April,"Sandy Loam, Black Soil"
54,62,80,17.48911699,16.39055394,7.489545074,79.45758333,chickpea,October-March,March-April,"Sandy Loam, Black Soil"
47,79,78,17.48395377,14.76014523,6.609696734,65.11365631,chickpea,October-March,March-April,"Sandy Loam, Black Soil"
35,57,83,19.48316794,17.44534641,7.476800943,80.4986291,chickpea,October-March,March-April,"Sandy Loam, Black Soil"
53,73,77,19.71359733,18.09665739,7.325451279,73.64476535,chickpea,October-March,March-April,"Sandy Loam, Black Soil"
45,61,78,19.48649305,16.06240074,6.489389282,81.5284269,chickpea,October-March,March-April,"Sandy Loam, Black Soil"
37,78,79,19.95264829,14.82633099,7.786366322,88.6810311,chickpea,October-March,March-April,"Sandy Loam, Black Soil"
30,75,81,19.41789736,16.80472243,6.408437886,68.4951189,chickpea,October-March,March-April,"Sandy Loam, Black Soil"
37,55,82,19.45591848,18.02235902,8.423873703,78.44910564,chickpea,October-March,March-April,"Sandy Loam, Black Soil"
53,65,76,20.19137759,16.41998269,8.719960893,77.33795356,chickpea,October-March,March-April,"Sandy Loam, Black Soil"
22,60,85,18.8392908,14.74071856,7.811997977,94.78189594,chickpea,October-March,March-April,"Sandy Loam, Black Soil"
60,61,78,20.71219282,19.83643308,6.317153205,94.03659867,chickpea,October-March,March-April,"Sandy Loam, Black Soil"
42,67,77,18.99424448,15.9362937,7.114405288,78.69707199,chickpea,October-March,March-April,"Sandy Loam, Black Soil"
39,76,76,19.96837462,15.57324389,8.135900726,69.15759062,chickpea,October-March,March-April,"Sandy Loam, Black Soil"
35,63,76,17.81564548,17.60756635,7.714153038,90.82097601,chickpea,October-March,March-April,"Sandy Loam, Black Soil"
30,65,82,20.71424384,15.27824066,7.103798069,76.77888672,chickpea,October-March,March-April,"Sandy Loam, Black Soil"
57,56,78,17.34150229,18.75626255,8.861479668,67.9545435,chickpea,October-March,March-April,"Sandy Loam, Black Soil"
48,65,78,17.43732714,14.33847406,7.861128148,73.0926704,chickpea,October-March,March-April,"Sandy Loam, Black Soil"
36,56,83,18.89780215,19.76182946,7.4526709,69.09512477,chickpea,October-March,March-April,"Sandy Loam, Black Soil"
40,58,75,18.59190771,14.77959596,7.168096055,89.60982451,chickpea,October-March,March-April,"Sandy Loam, Black Soil"
49,69,82,18.31561493,15.36143547,7.26311855,81.78710463,chickpea,October-March,March-April,"Sandy Loam, Black Soil"
32,76,15,28.05153602,63.49802189,7.604110177,43.35795377,lentil,November-April,March-April,"Clayey Soil, Black Soil"
13,61,22,19.44084326,63.27771461,7.728832424,46.83130119,lentil,November-April,March-April,"Clayey Soil, Black Soil"
38,60,20,29.84823072,60.63872613,7.491217102,46.80452595,lentil,November-April,March-April,"Clayey Soil, Black Soil"
11,74,17,21.36383757,69.92375891,6.633864582,46.6352865,lentil,November-April,March-April,"Clayey Soil, Black Soil"
37,71,16,26.28663931,68.51966729,7.324863481,46.13833007,lentil,November-April,March-April,"Clayey Soil, Black Soil"
29,71,18,22.17499963,62.13873825,6.410441476,53.46622584,lentil,November-April,March-April,"Clayey Soil, Black Soil"
2,72,18,26.57597546,60.97876599,7.836719564,50.89110726,lentil,November-April,March-April,"Clayey Soil, Black Soil"
6,59,21,26.58972517,66.14007674,6.139215944,50.90994463,lentil,November-April,March-April,"Clayey Soil, Black Soil"
13,64,20,19.1345771,62.57526895,6.590571088,36.46946971,lentil,November-April,March-April,"Clayey Soil, Black Soil"
8,58,17,28.75273118,69.15640149,7.286049978,35.15426171,lentil,November-April,March-April,"Clayey Soil, Black Soil"
6,77,20,25.78746268,60.2816298,6.058306161,49.14337177,lentil,November-April,March-April,"Clayey Soil, Black Soil"
2,75,22,23.89271875,61.78779413,6.658605362,52.55730112,lentil,November-April,March-April,"Clayey Soil, Black Soil"
3,69,23,28.67408774,63.18832976,7.299360767,42.96018627,lentil,November-April,March-April,"Clayey Soil, Black Soil"
27,80,24,28.42062847,61.77336343,7.815210661,49.02366803,lentil,November-April,March-April,"Clayey Soil, Black Soil"
39,78,15,21.35499456,62.60136323,5.925391795,41.78219834,lentil,November-April,March-April,"Clayey Soil, Black Soil"
40,79,17,21.12695586,63.18738532,6.403683619,38.71834464,lentil,November-April,March-April,"Clayey Soil, Black Soil"
37,62,22,24.02037872,61.62313345,7.397546271,49.78102578,lentil,November-April,March-April,"Clayey Soil, Black Soil"
31,60,24,25.40474421,65.8567539,7.722335992,51.92057267,lentil,November-April,March-April,"Clayey Soil, Black Soil"
22,67,22,29.03017561,64.49166566,7.475926645,54.9393771,lentil,November-April,March-April,"Clayey Soil, Black Soil"
3,78,18,20.21368219,68.65257685,6.887130053,50.89732989,lentil,November-April,March-April,"Clayey Soil, Black Soil"
4,80,16,29.19585548,68.01965728,7.441976825,44.93261911,lentil,November-April,March-April,"Clayey Soil, Black Soil"
13,61,24,18.29783597,69.6897615,7.629910253,49.39111479,lentil,November-April,March-April,"Clayey Soil, Black Soil"
12,66,20,27.41434987,63.41785982,7.336117221,44.43177543,lentil,November-April,March-April,"Clayey Soil, Black Soil"
4,61,21,24.84063998,60.09116626,6.75020529,48.77790371,lentil,November-April,March-April,"Clayey Soil, Black Soil"
9,60,21,29.94413861,67.31323084,7.52178027,40.37113729,lentil,November-April,March-April,"Clayey Soil, Black Soil"
18,66,22,25.87990287,67.55109024,6.347379185,47.89645224,lentil,November-April,March-April,"Clayey Soil, Black Soil"
32,56,18,20.0467711,65.84395319,7.135251532,46.05333124,lentil,November-April,March-April,"Clayey Soil, Black Soil"
6,72,15,22.99451999,66.70897237,7.670178119,54.49044154,lentil,November-April,March-April,"Clayey Soil, Black Soil"
15,77,20,25.13163619,66.92642362,7.399749291,49.04015558,lentil,November-April,March-April,"Clayey Soil, Black Soil"
0,65,24,28.49584395,62.44616219,7.841496029,53.14531023,lentil,November-April,March-April,"Clayey Soil, Black Soil"
30,79,22,18.28766124,69.48515056,6.254216611,48.60449438,lentil,November-April,March-April,"Clayey Soil, Black Soil"
3,63,16,24.38041875,61.18458224,6.868881708,53.13946695,lentil,November-April,March-April,"Clayey Soil, Black Soil"
2,78,23,21.31852148,66.43934593,7.320514721,45.42616802,lentil,November-April,March-April,"Clayey Soil, Black Soil"
10,78,18,18.54141834,62.70637578,6.296976913,44.07819743,lentil,November-April,March-April,"Clayey Soil, Black Soil"
14,67,25,25.28710601,60.85993533,7.241151936,49.37369982,lentil,November-April,March-April,"Clayey Soil, Black Soil"
39,65,23,25.43459777,69.12613376,7.685959305,41.02682925,lentil,November-April,March-April,"Clayey Soil, Black Soil"
19,72,15,28.83600962,69.76112921,6.890760124,44.08562546,lentil,November-April,March-April,"Clayey Soil, Black Soil"
18,57,21,27.37659643,63.93927841,6.155915975,49.47371773,lentil,November-April,March-April,"Clayey Soil, Black Soil"
31,58,15,28.31886863,60.19461399,6.167855382,45.36521251,lentil,November-April,March-April,"Clayey Soil, Black Soil"
28,58,25,27.4818649,62.04814951,6.861640036,37.81123974,lentil,November-April,March-April,"Clayey Soil, Black Soil"
5,65,19,18.28072173,68.10365387,6.978361689,48.80253285,lentil,November-April,March-April,"Clayey Soil, Black Soil"
16,65,19,27.61204997,69.29786244,7.043160241,42.72374404,lentil,November-April,March-April,"Clayey Soil, Black Soil"
34,65,19,23.43974653,63.22011726,5.94239222,45.40277297,lentil,November-April,March-April,"Clayey Soil, Black Soil"
14,69,19,20.95628486,63.68128841,7.239455147,52.39881209,lentil,November-April,March-April,"Clayey Soil, Black Soil"
22,55,16,23.7937153,68.03209183,6.516317561,49.73922097,lentil,November-April,March-April,"Clayey Soil, Black Soil"
24,61,17,22.6371424,65.44544859,6.233269045,38.30411077,lentil,November-April,March-April,"Clayey Soil, Black Soil"
2,79,15,21.53577883,65.47227704,7.505283615,35.75107592,lentil,November-April,March-April,"Clayey Soil, Black Soil"
26,63,17,29.87854588,65.73085206,6.950300686,44.95654782,lentil,November-April,March-April,"Clayey Soil, Black Soil"
27,61,15,25.2653291,67.10004577,6.958054839,48.33941188,lentil,November-April,March-April,"Clayey Soil, Black Soil"
24,70,16,25.17885316,68.93307305,6.54803469,35.03484812,lentil,November-April,March-April,"Clayey Soil, Black Soil"
13,74,25,24.12192608,61.09533545,6.461618577,44.23629285,lentil,November-April,March-April,"Clayey Soil, Black Soil"
6,64,23,23.33565221,67.40460704,7.065264073,36.18678721,lentil,November-April,March-April,"Clayey Soil, Black Soil"
12,58,23,21.74600081,63.39503184,6.765091462,50.43306085,lentil,November-April,March-April,"Clayey Soil, Black Soil"
32,79,22,27.60195453,63.46170674,5.91645379,54.37814199,lentil,November-April,March-April,"Clayey Soil, Black Soil"
6,68,18,24.388717,62.50453062,6.711341147,47.26052494,lentil,November-April,March-April,"Clayey Soil, Black Soil"
10,79,20,24.98287462,66.895409,6.379881442,38.21370568,lentil,November-April,March-April,"Clayey Soil, Black Soil"
38,77,22,28.234829,69.3159965,6.313284268,35.36831423,lentil,November-April,March-April,"Clayey Soil, Black Soil"
17,74,17,26.03026959,69.55863145,7.393210848,37.11395801,lentil,November-April,March-April,"Clayey Soil, Black Soil"
26,68,24,28.04849594,64.07691942,7.504930973,37.15824966,lentil,November-April,March-April,"Clayey Soil, Black Soil"
23,75,17,24.87425505,64.00213929,7.198076286,48.28137482,lentil,November-April,March-April,"Clayey Soil, Black Soil"
32,78,22,23.97081395,62.35557553,7.007037515,53.40906048,lentil,November-April,March-April,"Clayey Soil, Black Soil"
19,79,19,20.06003985,67.76252583,6.677262562,42.89509057,lentil,November-April,March-April,"Clayey Soil, Black Soil"
22,60,18,19.59221047,61.28633405,6.74398035,41.7704893,lentil,November-April,March-April,"Clayey Soil, Black Soil"
28,69,16,29.77013109,66.29327012,6.547361618,35.69674138,lentil,November-April,March-April,"Clayey Soil, Black Soil"
1,67,21,27.52135365,60.53657684,6.551577598,48.06491307,lentil,November-April,March-April,"Clayey Soil, Black Soil"
12,67,23,25.62896213,63.14909763,6.585020303,45.49683991,lentil,November-April,March-April,"Clayey Soil, Black Soil"
36,67,20,20.39078312,60.47528931,6.924042372,53.31508572,lentil,November-April,March-April,"Clayey Soil, Black Soil"
28,70,21,25.39038396,60.4989659,7.437373666,39.18374505,lentil,November-April,March-April,"Clayey Soil, Black Soil"
12,71,19,24.91079638,60.71367427,7.142611056,42.19740397,lentil,November-April,March-April,"Clayey Soil, Black Soil"
22,68,16,27.70496805,63.20915034,7.74672376,37.46160727,lentil,November-April,March-April,"Clayey Soil, Black Soil"
26,66,22,18.06486101,65.1034354,6.300479414,51.54922825,lentil,November-April,March-April,"Clayey Soil, Black Soil"
16,65,16,18.13027797,62.45851612,6.078724107,50.6128521,lentil,November-April,March-April,"Clayey Soil, Black Soil"
14,59,22,23.82723528,67.89815262,6.76660668,46.90725077,lentil,November-April,March-April,"Clayey Soil, Black Soil"
33,59,19,23.19305333,62.74710773,7.641024177,49.55213308,lentil,November-April,March-April,"Clayey Soil, Black Soil"
21,63,17,25.08966129,68.17543102,6.559681838,41.45486619,lentil,November-April,March-April,"Clayey Soil, Black Soil"
0,69,21,25.86928193,61.88321072,7.072923306,36.68284038,lentil,November-April,March-April,"Clayey Soil, Black Soil"
10,75,17,18.43966037,68.05394959,7.732194788,39.00992137,lentil,November-April,March-April,"Clayey Soil, Black Soil"
30,61,18,27.14911056,67.02664337,6.157782589,52.50812701,lentil,November-April,March-April,"Clayey Soil, Black Soil"
0,74,17,23.33375853,64.50515776,7.240988401,47.01510708,lentil,November-April,March-April,"Clayey Soil, Black Soil"
35,74,22,26.7230014,62.96841833,6.898905799,42.87274897,lentil,November-April,March-April,"Clayey Soil, Black Soil"
7,63,24,19.55750776,64.45268309,6.818681086,53.04669416,lentil,November-April,March-April,"Clayey Soil, Black Soil"
9,56,17,26.13708256,66.7729209,6.261937875,46.48280681,lentil,November-April,March-April,"Clayey Soil, Black Soil"
14,74,15,27.99990346,65.57653373,6.493036868,49.94043064,lentil,November-April,March-April,"Clayey Soil, Black Soil"
14,76,20,29.05941162,62.10652364,7.042474679,36.5011366,lentil,November-April,March-April,"Clayey Soil, Black Soil"
36,65,16,25.71269843,64.1123333,7.692013657,50.17067771,lentil,November-April,March-April,"Clayey Soil, Black Soil"
28,67,21,21.79792649,63.73086065,6.250994223,46.62370222,lentil,November-April,March-April,"Clayey Soil, Black Soil"
28,79,16,24.70626432,60.26854183,6.052184881,53.12442925,lentil,November-April,March-April,"Clayey Soil, Black Soil"
40,61,22,20.94981756,65.8108757,7.002216044,44.23913012,lentil,November-April,March-April,"Clayey Soil, Black Soil"
10,70,19,24.84918386,68.98088448,7.272427638,41.61080544,lentil,November-April,March-April,"Clayey Soil, Black Soil"
12,80,19,21.91041045,65.21662467,5.962001484,36.10211371,lentil,November-April,March-April,"Clayey Soil, Black Soil"
37,77,20,25.93381964,68.70533022,7.080506001,51.02372773,lentil,November-April,March-April,"Clayey Soil, Black Soil"
0,67,22,29.82112112,69.4073209,6.593798387,51.56461082,lentil,November-April,March-April,"Clayey Soil, Black Soil"
7,73,25,27.52185591,63.13215259,7.28805662,45.20841071,lentil,November-April,March-April,"Clayey Soil, Black Soil"
10,56,18,27.99627907,68.6428593,7.32710972,46.10585191,lentil,November-April,March-April,"Clayey Soil, Black Soil"
39,70,15,20.76774783,63.90164154,6.366355781,47.9271552,lentil,November-April,March-April,"Clayey Soil, Black Soil"
26,56,22,23.05276444,60.424786,7.011121216,52.60285259,lentil,November-April,March-April,"Clayey Soil, Black Soil"
9,77,17,21.65845777,63.58337146,6.280725549,38.07659414,lentil,November-April,March-April,"Clayey Soil, Black Soil"
4,59,19,26.25070298,67.62779652,7.621494566,40.8106299,lentil,November-April,March-April,"Clayey Soil, Black Soil"
34,73,15,20.97195263,63.83179889,7.630424083,53.10207889,lentil,November-April,March-April,"Clayey Soil, Black Soil"
33,77,15,23.89736406,66.32102048,7.802212437,40.74536757,lentil,November-April,March-April,"Clayey Soil, Black Soil"
133,47,24,24.40228894,79.19732001,7.231324765,90.8022356,cotton,June-November,November-January,Black Soil
136,36,20,23.09595631,84.86275707,6.925412377,71.29581071,cotton,June-November,November-January,Black Soil
104,47,18,23.9656349,76.97696717,7.633437412,90.75616738,cotton,June-November,November-January,Black Soil
133,47,23,24.88738107,75.62137159,6.827354668,89.76050416,cotton,June-November,November-January,Black Soil
126,38,23,25.36243778,83.63276077,6.176716425,88.43618918,cotton,June-November,November-January,Black Soil
126,50,19,24.69457084,81.7358876,6.628722836,78.58494391,cotton,June-November,November-January,Black Soil
113,41,20,25.0017188,80.53965818,7.256877571,96.32600992,cotton,June-November,November-January,Black Soil
121,45,22,22.45942937,81.30681027,6.443785385,64.23026638,cotton,June-November,November-January,Black Soil
121,47,16,23.60564038,79.29573149,7.723240151,72.49800885,cotton,June-November,November-January,Black Soil
129,60,22,24.58453146,79.12404171,5.947448589,71.94608134,cotton,June-November,November-January,Black Soil
107,45,25,23.0865933,83.55546146,7.227745516,71.84080724,cotton,June-November,November-January,Black Soil
122,59,18,23.5000992,83.63488952,6.219469084,79.81328183,cotton,June-November,November-January,Black Soil
140,38,15,24.1472953,75.88298598,6.021439523,69.91563467,cotton,June-November,November-January,Black Soil
102,49,21,24.69315538,84.84422454,6.253343655,89.799462,cotton,June-November,November-January,Black Soil
111,40,25,24.484692,84.44932014,6.187455799,90.94342484,cotton,June-November,November-January,Black Soil
131,35,18,24.49112609,82.24415809,7.057693366,64.02949379,cotton,June-November,November-January,Black Soil
135,43,16,23.47986888,81.73049149,6.720449769,86.76287924,cotton,June-November,November-January,Black Soil
100,46,18,24.18586246,76.04203958,6.431689506,69.08056728,cotton,June-November,November-January,Black Soil
123,39,24,25.00755095,78.17952126,7.453106264,86.06411872,cotton,June-November,November-January,Black Soil
117,56,15,25.99237426,77.0543546,7.368258226,89.1188212,cotton,June-November,November-January,Black Soil
121,36,24,23.66457347,81.69105088,7.352401887,99.36898373,cotton,June-November,November-January,Black Soil
101,58,18,25.66891439,81.38103349,6.652143699,78.59595817,cotton,June-November,November-January,Black Soil
107,42,24,22.04612876,84.62978302,6.144631795,86.00758678,cotton,June-November,November-January,Black Soil
100,41,22,22.4204752,84.55794703,7.318802162,93.46595573,cotton,June-November,November-January,Black Soil
125,39,21,25.03149561,82.21276599,7.954629324,95.0191318,cotton,June-November,November-January,Black Soil
105,60,23,23.53371386,77.21705554,6.207652157,87.54004943,cotton,June-November,November-January,Black Soil
102,46,19,22.77076388,82.5993307,6.631005298,81.49543437,cotton,June-November,November-January,Black Soil
131,49,22,25.49848236,79.9751579,7.306918817,67.05961949,cotton,June-November,November-January,Black Soil
139,35,15,25.248679,83.4630147,5.898293044,86.55517751,cotton,June-November,November-January,Black Soil
108,36,19,22.78249615,77.51235009,7.238566893,64.61444234,cotton,June-November,November-January,Black Soil
118,45,23,23.37044424,77.43198948,7.977651226,71.67870701,cotton,June-November,November-January,Black Soil
107,51,22,24.86560781,78.22080815,5.983075895,79.56866268,cotton,June-November,November-January,Black Soil
125,60,17,24.14386157,84.51591287,6.785723961,80.36146974,cotton,June-November,November-January,Black Soil
113,37,20,25.03300222,79.04368718,7.393441155,97.10087029,cotton,June-November,November-January,Black Soil
131,52,16,23.65724079,84.47601498,6.486068274,88.54479121,cotton,June-November,November-January,Black Soil
115,48,16,25.54359718,84.09229796,7.175934962,88.94245493,cotton,June-November,November-January,Black Soil
113,38,25,22.00085141,79.47270984,7.388265888,90.42224164,cotton,June-November,November-January,Black Soil
111,41,18,23.64328417,78.1258666,6.10539819,80.96157332,cotton,June-November,November-January,Black Soil
111,53,19,23.96436009,78.02763149,6.419536555,84.63148859,cotton,June-November,November-January,Black Soil
122,48,16,24.65425757,75.6350708,6.307585854,61.82980133,cotton,June-November,November-January,Black Soil
108,46,17,24.3017998,84.87668973,6.93221485,65.0247867,cotton,June-November,November-January,Black Soil
132,41,22,24.29144926,81.02453404,7.810865753,90.41694635,cotton,June-November,November-January,Black Soil
103,42,17,24.29470232,84.61527627,6.527541661,81.05902285,cotton,June-November,November-January,Black Soil
133,50,25,25.72180042,81.19666206,7.569454601,99.93100821,cotton,June-November,November-January,Black Soil
127,37,18,24.87663664,76.30050373,7.041065585,91.9223468,cotton,June-November,November-January,Black Soil
110,39,25,22.60612115,77.34264002,7.208795456,75.13617229,cotton,June-November,November-January,Black Soil
131,38,19,23.86814008,75.68339729,6.814341946,90.4547185,cotton,June-November,November-January,Black Soil
108,38,24,23.41022496,76.43836957,7.442217061,78.82199603,cotton,June-November,November-January,Black Soil
122,40,17,24.96440768,81.31677618,6.854558957,80.03995829,cotton,June-November,November-January,Black Soil
111,50,15,25.16820129,80.30351815,7.884550475,84.62419032,cotton,June-November,November-January,Black Soil
140,40,17,22.72767171,77.07598065,6.006085786,77.55176318,cotton,June-November,November-January,Black Soil
100,40,20,22.45145981,76.25674874,7.432043735,86.84998693,cotton,June-November,November-January,Black Soil
123,50,16,23.04920461,75.53835214,6.498052108,70.65644296,cotton,June-November,November-January,Black Soil
107,36,21,25.29250148,75.66653335,6.205263534,62.64174227,cotton,June-November,November-January,Black Soil
118,50,19,22.95604064,82.33733678,6.360812227,66.48339303,cotton,June-November,November-January,Black Soil
103,51,20,22.80213132,84.14668447,7.046607434,91.6389565,cotton,June-November,November-January,Black Soil
133,57,19,23.54234715,75.98203329,7.947011366,84.12536744,cotton,June-November,November-January,Black Soil
129,47,20,24.41212325,80.80343786,6.281913858,98.60457373,cotton,June-November,November-January,Black Soil
116,52,19,22.94276687,75.37170612,6.114525877,67.08022574,cotton,June-November,November-January,Black Soil
114,40,23,25.53676123,81.13668716,6.753978061,95.4262599,cotton,June-November,November-January,Black Soil
131,60,17,25.32023717,81.79475917,7.425041316,83.46532547,cotton,June-November,November-January,Black Soil
107,43,18,22.426733,81.53480799,6.745104394,65.54475812,cotton,June-November,November-January,Black Soil
123,44,21,25.78544484,75.00539324,7.641116569,91.39578861,cotton,June-November,November-January,Black Soil
112,49,25,25.68959532,77.90621048,6.470135478,66.19426787,cotton,June-November,November-January,Black Soil
119,44,15,22.14593688,82.8597549,7.091992365,60.65381719,cotton,June-November,November-January,Black Soil
130,59,19,25.07278712,82.50257909,6.520403794,93.51042684,cotton,June-November,November-January,Black Soil
127,53,24,22.21506982,76.17851932,6.127939628,70.40557612,cotton,June-November,November-January,Black Soil
134,52,18,23.9643129,76.59175937,7.994679507,76.13090645,cotton,June-November,November-January,Black Soil
109,36,18,25.40059227,76.53237965,7.524707577,62.5138867,cotton,June-November,November-January,Black Soil
100,48,17,23.7805123,83.03878838,7.827877818,66.26555904,cotton,June-November,November-January,Black Soil
132,52,19,24.16402322,76.7433897,6.436691764,61.94626051,cotton,June-November,November-January,Black Soil
102,37,25,25.31468463,77.91757121,5.907930899,72.82902109,cotton,June-November,November-January,Black Soil
111,39,22,22.60361557,80.3509046,6.135025006,88.57395505,cotton,June-November,November-January,Black Soil
117,51,15,22.9535715,78.71555832,6.044556594,99.75336197,cotton,June-November,November-January,Black Soil
136,36,24,22.74446976,80.41198458,7.59781958,90.07326633,cotton,June-November,November-January,Black Soil
134,56,18,23.80834611,83.91902605,6.691268104,70.97358303,cotton,June-November,November-January,Black Soil
112,54,15,25.46228792,81.56641891,6.175492306,76.88582484,cotton,June-November,November-January,Black Soil
105,56,15,25.96779712,81.97904282,7.272316209,74.14169043,cotton,June-November,November-January,Black Soil
140,45,15,25.5308271,80.04662756,5.801047545,99.39557151,cotton,June-November,November-January,Black Soil
126,46,25,24.43847399,81.69801729,6.757457943,60.79645852,cotton,June-November,November-January,Black Soil
106,49,24,23.03887865,76.47039772,6.983395573,90.64770699,cotton,June-November,November-January,Black Soil
121,53,19,23.51308653,76.72621429,7.976889498,80.11272117,cotton,June-November,November-January,Black Soil
108,60,17,22.75805656,76.75768356,6.558902588,97.76600619,cotton,June-November,November-January,Black Soil
116,56,17,24.71252544,77.7293114,7.979090365,85.24963302,cotton,June-November,November-January,Black Soil
100,52,19,23.45969093,82.44777468,7.903528673,93.50153555,cotton,June-November,November-January,Black Soil
129,43,16,25.5503704,77.85055621,6.73210948,78.58488484,cotton,June-November,November-January,Black Soil
118,44,23,22.08458267,82.82904143,6.691690476,67.06459777,cotton,June-November,November-January,Black Soil
117,43,25,24.68854799,78.51206972,7.839849298,69.31153566,cotton,June-November,November-January,Black Soil
126,37,21,25.84997269,84.16855231,6.61448588,77.03421249,cotton,June-November,November-January,Black Soil
120,48,16,22.46054478,75.40989245,7.456971816,71.85436078,cotton,June-November,November-January,Black Soil
102,45,16,23.65629976,77.52425987,7.2942193,74.8984994,cotton,June-November,November-January,Black Soil
131,56,20,22.00817088,81.83896111,7.762647875,92.23645249,cotton,June-November,November-January,Black Soil
114,40,17,24.32630461,80.13456404,6.363406102,69.45072055,cotton,June-November,November-January,Black Soil
101,37,18,22.92360984,82.68738535,7.63737841,92.91915074,cotton,June-November,November-January,Black Soil
106,46,20,23.43821725,78.63388824,6.200671976,81.15072105,cotton,June-November,November-January,Black Soil
113,38,20,22.10718988,78.58320116,6.364729934,74.94136567,cotton,June-November,November-January,Black Soil
102,53,21,23.03814028,76.11021529,6.913678684,91.49697481,cotton,June-November,November-January,Black Soil
110,39,18,24.54795322,75.39752705,7.766259769,63.88079866,cotton,June-November,November-January,Black Soil
107,58,15,23.73868041,75.77503808,7.55606399,76.63669195,cotton,June-November,November-January,Black Soil
120,60,15,22.31871914,83.86129998,7.288377241,65.35747011,cotton,June-November,November-January,Black Soil
